,full_text,created,id,user_screen_name,coordinates,place,retweet_#,favorite,language,source,reply_to_status,reply_to_user,is_quote
0,"Discussing climate, sustainability, and preserving the natural world with President @EmmanuelMacron today in Paris. #BezosEarthFund #ClimatePledge https://t.co/1WJe18nc3l",2020-02-28 17:17:58,1233441223232245760,JeffBezos,,,1332,15419,en,Twitter for iPhone,,,False
1,"I just took a DNA test, turns out I’m 100% @lizzo’s biggest fan. #SBLIV https://t.co/RhOduXk8Qd",2020-02-03 02:16:32,1224154674804084736,JeffBezos,,,10480,90087,en,Twitter for iPhone,,,False
2,"Hey, Alexa — show everyone our upcoming Super Bowl ad. Thanks @TheEllenShow and @PortiaDeRossi! https://t.co/U8Qua3dhwg",2020-01-29 17:30:21,1222572705066536961,JeffBezos,,,2014,13548,en,Twitter Web App,,,False
3,#Jamal https://t.co/8ej1rUBXVb,2020-01-22 19:03:20,1220059386694922240,JeffBezos,,,5484,31684,und,Twitter Web App,,,False
4,"Hey, India. We’re rolling out our new fleet of electric delivery rickshaws. Fully electric. Zero carbon. #ClimatePledge https://t.co/qFXdZOsY4y",2020-01-20 03:04:23,1219093283265138688,JeffBezos,,,9122,60960,en,Twitter for iPhone,,,False
5,Proud of the program we have in India to hire and train deaf associates at our delivery stations. Managers learn basic sign language to be able to communicate. Meeting this group was a moving experience for me. https://t.co/gGm0dvCjkX,2020-01-19 11:53:39,1218864092825432064,JeffBezos,,,2170,21150,en,Twitter for iPhone,,,False
6,"Amazon partners with thousands of kirana stores all over India as delivery points. It’s good for customers, and it helps the shop owners earn additional income. Got to visit one in Mumbai. Thank you, Amol, for letting me deliver a package. #MSME https://t.co/VpoHUoJOIH",2020-01-18 07:52:25,1218440995731316736,JeffBezos,,,2298,22310,en,Twitter for iPhone,,,False
7,Lots of fun on stage with @iamsrk and Zoya Akhtar. https://t.co/wdZ2tEsySX,2020-01-17 11:46:23,1218137485672251394,JeffBezos,,,5175,30191,en,Twitter for iPhone,,,False
8,Grabbing a quick selfie with @AmitAgarwal at India’s small business summit. Everyone squeeze in a little tighter! #amazonsmbhav https://t.co/IvsciKDyiu,2020-01-16 10:11:59,1217751342162173952,JeffBezos,,,653,10533,en,Twitter for iPhone,,,False
9,Dynamism. Energy. Democracy. #IndianCentury https://t.co/U6cKJO60Rz,2020-01-15 14:11:04,1217449121981718531,JeffBezos,,,3565,17466,en,Twitter Media Studio,,,False
10,"Just landed in India and spent a beautiful afternoon paying my respects to someone who truly changed the world. “Live as if you were to die tomorrow. Learn as if you were to live forever."" - Mahatma Gandhi. https://t.co/xDXAT9cBgf",2020-01-14 15:04:42,1217100229993881600,JeffBezos,,,8759,57838,en,Twitter Web App,,,False
11,Toured @LeeMontessori in Washington D.C. with a team from Day 1 Academies. It was great to meet these kids — they’re energetic and energizing. Lee is doing an amazing job unleashing their love of learning. https://t.co/1eLIFcPeGD,2019-12-17 23:07:07,1207074776289697794,JeffBezos,,,445,4477,en,Twitter Web App,,,False
12,Picture perfect flight @BlueOrigin. And this vehicle has now flown to space &amp; back six times making this a new milestone. We carried 23 payloads today including thousands of postcards from kids all over the world for @ClubforFuture. Keep them coming kids &amp; we’ll keep flying them! https://t.co/ZrjaknJh1t,2019-12-12 03:21:03,1204964350936731649,JeffBezos,,,1360,10237,en,Twitter for iPhone,,,False
13,"Nice! Amazon ranked #1 best managed company. Definitely the result of strong teamwork from people who care deeply and passionately about customers, their fellow employees, and the environment. Huge thank you and kudos to all Amazonians. https://t.co/ykH65fQ0pG",2019-11-22 21:56:17,1197997251139784704,JeffBezos,,,1128,8917,en,Twitter Web App,,,True
14,"Excited to announce this year's Bezos Day One grants. Thank you to these 32 organizations in 23 states working to end homelessness. I recently spent time with the amazing team at Community of Hope in Washington, D.C. – one of last year’s grantees. https://t.co/Lfy5LUWT99 https://t.co/L0JeDUrjAY",2019-11-21 14:19:51,1197519998161281024,JeffBezos,,,416,2820,en,Twitter Web App,,,False
15,"Congrats to David &amp; all the veterans graduating from the Amazon Apprenticeship program who are now in technical careers! They join the more than 21,000 veterans and military spouses working at Amazon. Huge thank you to them and all who’ve served. #VeteransDay #AmazonWarriors https://t.co/Fx6q9KJEkw",2019-11-11 14:02:42,1193891803721687040,JeffBezos,,,487,5813,en,Twitter Web App,,,False
16,"It’s time to go back to the Moon, this time to stay. @LockheedMartin @northropgrumman @DraperLab @blueorigin #gradatimferociter https://t.co/SMEUdriJhh",2019-10-22 21:15:14,1186752897083760641,JeffBezos,,,1416,8011,en,Twitter for iPhone,,,False
17,"Dropped in on an #AmazonFutureEngineer class at Dunbar H.S. in D.C. today. We’re committed to bringing more resources to kids from underserved communities, and I’m proud to say we’re now funding computer science in more than 2,000 high schools across the U.S. #NextGeneration https://t.co/HrFdIfrSDf",2019-10-21 19:41:50,1186367004371906560,JeffBezos,,,1307,10666,en,Twitter Web App,,,False
18,"Thank you to our customers who donated relief items for a second Amazon Air plane of humanitarian aid. Together, more than 400,000 Amazon-donated &amp; customer-donated items have been provided to those affected by #HurricaneDorian in the Bahamas &amp; the US. https://t.co/NAcnQs4mx9 https://t.co/01jh0Y5bZr",2019-09-24 13:33:30,1176489837517344769,JeffBezos,,,378,3901,en,Twitter Web App,,,False
19,"A record year of #Emmy wins for @PrimeVideo - fantastic work. Huge congrats to the winners and teams behind @Fleabag, @MaiselTV, and A Very English Scandal! https://t.co/KS2NLZpY88",2019-09-24 01:40:02,1176310291300093952,JeffBezos,,,236,3331,en,Twitter Web App,,,False
20,"Good luck to @RachelBros, Phoebe Waller-Bridge, the @MaiselTV and @Fleabag teams, and all @PrimeVideo shows up for #Emmys tonight! https://t.co/mTTj82hfeK",2019-09-22 19:27:34,1175854166066913280,JeffBezos,,,204,2651,en,Twitter Web App,,,False
21,"RT @JayCarney: If you can’t compete with lower prices and better services, then secretly fund phony “grassroots” attack campaigns. #Ugly. h…",2019-09-21 00:43:31,1175208903321124864,JeffBezos,,,225,0,en,Twitter Web App,,,False
22,"Super excited about The Climate Pledge. Impossible to do this without @CFigueres. So grateful to you, Christiana. #ClimatePledge #Paris10YearsEarly https://t.co/E9hkaLat5V",2019-09-19 15:20:23,1174704799645720586,JeffBezos,,,417,2774,en,Twitter Web App,,,False
23,"Yesterday the first Amazon Air plane loaded with relief items arrived in Nassau, Bahamas to help victims of #HurricaneDorian. The cargo weight was 72,728 lbs, with approx. 19,300 items on board. Huge thanks to the teams across Amazon who made this happen. https://t.co/iY86RGh9AX https://t.co/YFvC8Xl6mW",2019-09-17 14:55:21,1173973723189108736,JeffBezos,,,568,4502,en,Twitter Web App,,,False
24,Shout out to the new Amazonians who let me drop by their New Hire Orientation today. Incredible to welcome so many smart and passionate people from all over the world. I’m looking forward to our #AmazonCareerDay events tomorrow! https://t.co/JM6CF1uoRW,2019-09-16 22:39:48,1173728216550260736,JeffBezos,,,306,3916,en,Twitter Web App,,,False
25,"Visited the amazing @Nia_House Montessori in Nashville with @mike_m_george. Learned a lot that’s going to help Day 1 Academies. By the way, “Nia” means “purpose” in Swahili. Very cool. https://t.co/OhSQeD5jls",2019-09-13 14:29:04,1172517558336905218,JeffBezos,,,252,2461,en,Twitter Web App,,,False
26,"Today, we announced that we added 24 schools in #Nashville to our #AmazonFutureEngineer program. Loved celebrating the great news by building robots with students from Madison Middle School. https://t.co/PAjMfl4pEw",2019-09-11 19:45:24,1171872387492528128,JeffBezos,,,641,5410,en,Twitter Web App,,,False
27,We're sending two Amazon Air planes packed with tens of thousands of Amazon-donated and customer-donated relief items to support those impacted by #HurricaneDorian in the Bahamas. Thanks to all the teams who are making this possible. https://t.co/iY86RGh9AX https://t.co/Y3DHueJaXf,2019-09-09 14:00:58,1171060934753734656,JeffBezos,,,768,5917,en,Twitter Web App,,,False
28,Season 2 streams November 1. Can’t wait. #JackRyan https://t.co/THDtDjGIpQ,2019-09-08 13:55:38,1170697204845039616,JeffBezos,,,659,7952,en,Twitter Web App,,,False
29,"Rooting for team India. Good luck, India! #Chandrayaan2 https://t.co/iWWSqPs4nz",2019-09-06 18:09:22,1170036283315388416,JeffBezos,,,8103,45569,en,Twitter Web App,,,False
30,.@BlueOrigin founded nonprofit @clubforfuture to inspire youth to pursue careers in #STEM + visualize life in space. We asked students to send postcards w/their dreams and we’d send the cards above the Kármán line to space and back. We’ve received thousands - they’re so inspiring https://t.co/5fxHoD8DJm,2019-08-29 17:23:55,1167125742401941504,JeffBezos,,,308,2317,en,Twitter Web App,,,False
31,"Had a great meeting with Mike George. We’re hard at work building Day 1 Academies, and Mike has been busy learning from the best in the field. Here are a few pictures from his listening tour – visiting the smart and kind early educators from schools across the country. https://t.co/ty1ngS2JCA",2019-08-28 19:42:42,1166798278375030784,JeffBezos,,,257,3502,en,Twitter Web App,,,False
32,RT @blueorigin: BE-4 continues to rack up time on the test stand. Here’s a great shot of our full power engine test today #GradatimFerocite…,2019-08-03 03:13:39,1157489682118086656,JeffBezos,,,456,0,en,Twitter Web App,,,False
33,#Pride https://t.co/mYq5XuA9Ks,2019-06-30 14:56:46,1145345436846157824,JeffBezos,,,409,4942,und,Twitter Web Client,,,False
34,"So much fun with Caroline Kennedy yesterday at the #JFKSpaceSummit. Her father’s Rice speech still inspires. We choose to do these things “not because they are easy, but because they are hard.” #Apollo50 https://t.co/ZmyBDxzK4V",2019-06-20 18:10:23,1141770282773831681,JeffBezos,,,426,4818,en,Twitter Web Client,,,False
35,First hotfire of our #BE7 lunar landing engine just yesterday at Marshall Space Flight Center. Data looks great and hardware is in perfect condition. Test went full planned duration – 35 seconds. Kudos to the whole @BlueOrigin team and grateful to @NASA_Marshall for all the help! https://t.co/cTjjrngumY,2019-06-20 01:37:25,1141520394022576128,JeffBezos,,,852,6256,en,Twitter Web Client,,,False
36,"Happy Father’s Day. You’re there for me always, and I feel it. I love you, Dad. https://t.co/o85JWRSTBn",2019-06-16 15:50:56,1140285639071416320,JeffBezos,,,956,19602,en,Twitter Web Client,,,False
37,My mom’s incredible story. Wow. So grateful. So proud. #Grit https://t.co/msi2nHqikf,2019-06-10 22:09:35,1138206602043936769,JeffBezos,,,537,5466,en,Twitter Web Client,,,False
38,Got a chance to scout some of the cool tech at the first #reMARS event. @HaptX @Rivian @hseas @wyssinstitute https://t.co/bvG5afbn50,2019-06-06 18:51:03,1136707086933299200,JeffBezos,,,1305,7648,en,Twitter Web Client,,,False
39,Leo’s story is amazing and so is his mom. #AmazonFutureEngineer https://t.co/QQPKg3GZ2T,2019-06-06 04:25:07,1136489170841546752,JeffBezos,,,556,3748,en,Twitter Web Client,,,False
40,".@AmazonreMARS is all about bringing the best and brightest together, so it’s fitting that I got to meet Leo — one of the first 100 recipients of the #AmazonFutureEngineer scholarship. I have no doubt Leo is going to be an inventor of tomorrow. https://t.co/vhQzZzA4kl",2019-06-06 03:25:16,1136474105220407298,JeffBezos,,,459,3326,en,Twitter Web Client,,,False
41,"MacKenzie is going to be amazing and thoughtful and effective at philanthropy, and I’m proud of her. Her letter is so beautiful. Go get ‘em MacKenzie. https://t.co/S2gLLBQyRQ",2019-05-28 13:38:44,1133366998874804224,JeffBezos,,,1009,8595,en,Twitter Web Client,,,False
42,Grateful on this #MemorialDay to the fallen servicemen and women — and their families — for the ultimate sacrifice they made in defending and supporting our nation. The flag in the picture is on display on the factory wall at @BlueOrigin to remind us every day. https://t.co/6Qir3sk3mt,2019-05-27 13:50:10,1133007488721117184,JeffBezos,,,334,3665,en,Twitter Web Client,,,False
43,Great annual shareholder meeting today. #Amazon https://t.co/g9keKvGyq0,2019-05-23 06:25:33,1131446048386240513,JeffBezos,,,255,2181,en,Twitter Web Client,,,False
44,My dad’s journey to the U.S. shows how people come together to help each other. We got a chance to celebrate him last night for the opening of the Statue of Liberty’s new museum. This is his story. https://t.co/VdOtlPY953 https://t.co/E4C1KPho2u,2019-05-16 13:06:57,1129010348286046208,JeffBezos,,,2099,8507,en,Twitter Web App,,,False
45,"At the Statue of Liberty, where my dad’s being honored with a Liberty Star as part of the new museum’s opening. When he came here from Cuba at 16, not only was he all alone, but he only spoke Spanish. His grit, determination, and optimism are inspiring. #StatueofLibertyMuseum https://t.co/DFhR3Dbf7p",2019-05-16 01:03:29,1128828279329181696,JeffBezos,,,2302,16379,en,Twitter Web Client,,,False
46,"We’re investing $1.5 billion in our new air hub to get you your packages faster. Three million square feet, and it’s going to create 2,000 jobs. And if you’re guessing that driving a front loader was fun, you’re right! #amazon #prime https://t.co/Cud4orKrC4",2019-05-14 21:18:19,1128409227481964544,JeffBezos,,,2011,12203,en,Twitter Web Client,,,False
47,"I’m lucky enough to call her my mom. She’s kind, patient, supportive, and has always encouraged me to stay curious. Happy Mother’s Day, Mom! https://t.co/n1UZV3muZe",2019-05-12 13:57:47,1127573586716385280,JeffBezos,,,659,11695,en,Twitter Web Client,,,False
48,"Blue Origin is building the infrastructure needed to unleash the next generation of dreamers. I met these young people today, and the future is in great hands. #BlueMoon @clubforfuture https://t.co/F2zPM5PngM",2019-05-09 23:46:32,1126634588560748545,JeffBezos,,,824,4916,en,Twitter Web Client,,,False
49,"RT @blueorigin: Today, our founder shared our vision to go to space to benefit Earth. We must return to the Moon—this time to stay. We’re r…",2019-05-09 22:51:56,1126620848931131394,JeffBezos,,,1737,0,en,Twitter Web Client,,,False
50,Congrats to the whole @blueorigin team! https://t.co/71S53Ucl5l,2019-05-03 00:55:43,1124115283554078720,JeffBezos,,,409,3563,en,Twitter Web Client,,,True
51,"Been an honor &amp; pleasure having Tom Alberg on Amazon’s Board. Tom joined in 1996 and has been with us ever since - over 22 years. I’ll miss his sound judgment, deep well of business &amp; life experience, and his quick wit. He's a smart business person and even better human. Thx Tom!",2019-04-11 12:30:35,1116317620670582789,JeffBezos,,,224,3719,en,Twitter Web Client,,,False
52,https://t.co/oFGWPkK3dB,2019-04-04 17:10:43,1113851402965487616,JeffBezos,,,1359,11538,und,Twitter Web Client,,,False
53,RT @mackenziebezos: https://t.co/OJWn3OOLS6,2019-04-04 17:10:38,1113851382698635264,JeffBezos,,,4499,0,und,Twitter Web Client,,,False
54,"Thank you @FestoAG, but bigger please…. I want to get on! #ThinkBig #MARS2019 https://t.co/uXqvkf623B",2019-03-19 13:04:05,1107991131147534336,JeffBezos,,,1129,7487,en,Twitter Web Client,,,False
55,"I’ve written a post about developments with the National Enquirer and its parent company, AMI. You can find it here: https://t.co/G1ykJAPPwy",2019-02-07 22:51:01,1093643321732464646,JeffBezos,,,25560,90138,en,Twitter Web Client,,,False
56,"Grateful for the journalists at the @washingtonpost and around the world who do the work, no matter the risk or dangers they face.
#democracydiesindarkness #SuperBowlAd https://t.co/faO74lvSs5 https://t.co/37PLrNLJe0",2019-02-04 02:55:28,1092255287472320512,JeffBezos,,,6505,29599,en,Twitter for iPhone,,,False
57,https://t.co/Gb10BDb0x0,2019-01-09 14:17:46,1083004911380393985,JeffBezos,,,6393,33944,und,Twitter Web Client,,,False
58,"I have outstanding news to ring in 2019. Former Alexa VP &amp; long-time Amazonian Mike George has agreed to lead the Day 1 Academies Fund. Mike is a true builder who knows how to start from scratch, and he’ll bring tremendous energy, grit, and passion to the job. Thank you, Mike! https://t.co/K01N1NZ8ag",2019-01-02 00:35:24,1080261240423964672,JeffBezos,,,704,6891,en,Twitter Web Client,,,False
59,Excited to announce the first annual grants from the Bezos Day 1 Families Fund. $97.5 million to 24 organizations doing needle-moving work on family homelessness. Congrats to the recipients – we know you’ll spend the money wisely and with heart. https://t.co/aF4Src09zC https://t.co/MMCil3l2cw,2018-11-20 14:04:07,1064882081249951744,JeffBezos,,,1131,7759,en,Twitter Web Client,,,False
60,"Had the privilege today of unveiling our newest Amazon Air 767 - ""Valor"" - named in honor of the thousands of Amazonian veterans and military spouses delivering for our customers every day. #VeteransDay #AmazonWarriors https://t.co/bKHDQgb1TN",2018-11-12 23:09:55,1062120332251684864,JeffBezos,,,1259,9319,en,Twitter Web Client,,,False
61,"Yep, that’s me. I was lucky to be exposed to tech and coding at a young age. Inspired a lifelong love of invention. I hope the new Amazon Future Engineer program does the same for some kids today. https://t.co/xNUdyVMOnb https://t.co/RPZEiIHSap",2018-11-01 15:05:18,1058012110947373057,JeffBezos,,,2269,12270,en,Twitter Web Client,,,False
62,Amazon just won The American Foundation for the Blind’s Helen Keller award! Huge kudos to the whole team on working so hard to make our products accessible to the vision impaired! @afb1921 https://t.co/qh6HkQkekB,2018-10-23 14:21:27,1054739581533188096,JeffBezos,,,432,2867,en,Twitter Web Client,,,True
63,Very sad to hear of Paul Allen’s passing. His passion for invention and pushing forward inspired so many. He was relentless to the end. My heart goes out to Paul’s family and friends.,2018-10-15 23:47:49,1051983010722013184,JeffBezos,,,1588,11167,en,Twitter Web Client,,,False
64,"Thank you to the @usairforce for your confidence in the @BlueOrigin team and our #NewGlenn rocket. We are proud to serve the national security space community and are committed to providing safe, reliable access to space for the nation. #GradatimFerociter https://t.co/AeO3xXhnUi",2018-10-10 21:30:44,1050136574090825728,JeffBezos,,,722,4492,en,Twitter Web Client,,,False
65,"Thank you @SenSanders. We’re excited about this, and also hope others will join in. https://t.co/kasWkkOhWo",2018-10-02 15:51:32,1047152109508997121,JeffBezos,,,3598,19978,en,Twitter Web Client,,,True
66,Big win for @BlueOrigin today! And a big thank you to @ulalaunch for choosing our BE-4 engine. Excited to be a part of Vulcan’s mission to space. #21stCenturyEngine #AllAmericanEngine #GradatimFerociter https://t.co/K0Szt3jesi,2018-09-27 21:24:13,1045423889856192512,JeffBezos,,,492,2822,en,Twitter Web Client,,,True
67,"Incredible work from the whole @MaiselTV team for 8 #Emmys wins, including Outstanding Comedy Series. Woohoo! https://t.co/mfAwDkVX6s",2018-09-18 17:49:51,1042108453295013888,JeffBezos,,,239,2335,en,Twitter Web Client,,,False
68,https://t.co/2GlgjztK1u,2018-09-13 15:00:06,1040253796293795842,JeffBezos,,,6596,25635,und,Twitter Web Client,,,False
69,"RT @davehclark: Teams working to get ready for Florence forward deploying relief supplies in our FCs closer to expected areas of impact, wo…",2018-09-12 20:17:34,1039971302042468354,JeffBezos,,,176,0,en,Twitter Web Client,,,False
70,Super proud of the entire Blue Team who came together and made it happen #nevergetsold #gradatimferociter https://t.co/f6e2pdnwGn,2018-07-19 00:35:27,1019742477018730496,JeffBezos,,,406,2687,en,Twitter Web Client,,,True
71,"Appreciate the support, Mr. Vice President. I’m thrilled to report from West Texas that the team nailed it today #launchlandrepeat https://t.co/yiIB7zTtde",2018-07-19 00:14:08,1019737114093629441,JeffBezos,,,251,2128,en,Twitter Web Client,,,True
72,Crew Capsule looks great even after it was pushed hard by the escape test. Astronauts would have had an exhilarating ride and safe landing. Great engineering and the lucky boots worked again @BlueOrigin #GradatimFerociter https://t.co/ireJ3rWEvs,2018-07-18 17:52:38,1019641106533937152,JeffBezos,,,546,4098,en,Twitter Web Client,,,False
73,Wishing @SpecialOlympics tennis competitor (and Amazonian!) Leonard Flowers luck in the @2018USAGames this week! Great event and we’re proud to be a presenting sponsor. #ChooseToInclude https://t.co/kx6igcmb6e,2018-07-01 17:02:13,1013467826999267328,JeffBezos,,,375,3698,en,Twitter Web Client,,,False
74,"My dad came here from Cuba all by himself without speaking English when he was 16 years old, and has been kicking ass ever since. Thank you for all the love and heart, Dad! https://t.co/nuavG0yEtM",2018-06-17 14:00:25,1008348645605797890,JeffBezos,,,2981,26208,en,Twitter Web Client,,,False
75,https://t.co/phDTXHElBp,2018-06-14 01:49:10,1007077455146860544,JeffBezos,,,1407,11228,und,Twitter Web Client,,,False
76,I’m enjoying this day with my kids but also remembering. Remembering the many sons and daughters who have given up their lives for us and for our sons and daughters. #MemorialDay #HireVets #HireMilitarySpouses https://t.co/mdSr0Ylapx,2018-05-28 19:45:00,1001187602622439427,JeffBezos,,,610,5588,en,Twitter Web Client,,,False
77,Tom Wolfe was an amazing journalist and author. Thank you for showing us all what it took to have “The Right Stuff”. https://t.co/ObMeU4S92S,2018-05-16 04:33:22,996609529323245568,JeffBezos,,,365,2930,en,Twitter Web Client,,,False
78,"You shaped us, you protected us, you let us fall, you picked us up, and you LOVED us, always and unconditionally. Thank you for everything. I love you, Mom. https://t.co/Z8YGMO55C9",2018-05-13 15:02:39,995680729106341888,JeffBezos,,,538,8240,en,Twitter Web Client,,,False
79,"Love this quote. It’s been on my fridge for years, and I see it every time I open the door. #Emerson https://t.co/kN8HjM4bOI",2018-05-05 14:00:26,992765968182001665,JeffBezos,,,13978,41169,en,Twitter Web Client,,,False
80,😀 @ConanOBrien @BlueOrigin https://t.co/x3BiCpaLQA,2018-05-02 22:00:48,991799694664679425,JeffBezos,,,1207,7290,und,Twitter Web Client,,,False
81,Highlights from today’s mission. Don’t miss the Nerf ball doing a few backflips in zero gravity. #GradatimFerociter @BlueOrigin https://t.co/YxlJRt0MXc,2018-04-30 00:51:08,990755397542723584,JeffBezos,,,1992,7403,en,Twitter Web Client,,,False
82,The lucky boots worked again. Huge kudos and thanks to the entire @BlueOrigin team. #GradatimFerociter https://t.co/P9cUqRNbYv,2018-04-29 20:41:55,990692677963284480,JeffBezos,,,454,3793,en,Twitter Web Client,,,False
83,"Apogee of 351,000 feet (66 miles, 107 kilometers), and that’s the altitude we’ve been targeting for operations. One step closer. #GradatimFerociter @BlueOrigin",2018-04-29 18:46:03,990663519900184577,JeffBezos,,,439,3197,en,Twitter Web Client,,,False
84,"Launch preparations are underway for New Shepard’s 8th test flight, as we continue our progress toward human spaceflight. Currently targeting Sunday 4/29 with launch window opening up at 830am CDT. Livestream info to come. @BlueOrigin #GradatimFerociter https://t.co/zAYpAGWB8C",2018-04-27 12:58:04,989851170545029120,JeffBezos,,,1185,5661,en,Twitter Web Client,,,False
85,"Dog sledding above the Arctic Circle in Norway. Jim Lovell says it’s not that you go to heaven when you die, but “you go to heaven when you’re born.” Earth is the best planet in our solar system. We go to space to save the Earth. @BlueOrigin #NoPlanB #GradatimFerociter #EarthDay https://t.co/q0Y9A4KSLm",2018-04-22 20:34:09,988154007813173248,JeffBezos,,,1270,8685,en,Twitter Web Client,,,False
86,Honored to speak at @TheBushCenter Forum on Leadership tonight with Ken Hersh. The spirit of former First Lady Barbara Bush was very much felt at the event. https://t.co/E4TJR9KKs9,2018-04-21 00:54:29,987494749559926784,JeffBezos,,,302,2487,en,Twitter Web Client,,,False
87,"At @BestBuy catching up with CEO Hubert Joly and announcing our collaboration on the next generation of smart TVs. Couldn’t ask for a better partner, and the product is killer. Full Alexa integration: “Alexa, watch ABC” or “Alexa, watch Westworld.” #FireTVEdition https://t.co/Dsq8VBOSA7",2018-04-18 10:10:23,986547483743436801,JeffBezos,,,938,4795,en,Twitter Web Client,,,False
88,"Great reporting requires patience, grit and a willingness to follow a story wherever it leads, whether Alabama or Moscow. Proud of @washingtonpost #Pulitzer winners! And big congrats to the @nytimes, as well! #DemocracyDiesInDarkness https://t.co/MBMWhh1cQR",2018-04-16 23:00:17,986016459351515136,JeffBezos,,,3863,16131,en,Twitter Web Client,,,False
89,I love Dwayne Johnson @TheRock. Still working on my smolder https://t.co/8GmuZIyFwK https://t.co/WyckQV6rrY,2018-04-16 00:53:29,985682558405885952,JeffBezos,,,405,4522,en,Twitter Web Client,,,False
90,Very comfortable on my kids’ giant panda doing email and putting final touches on this year’s annual shareholder letter. About to take the kids to see Rampage... https://t.co/OrmMpV4VGj,2018-04-15 23:42:57,985664806567927808,JeffBezos,,,544,8421,en,Twitter Web Client,,,False
91,I made pancakes on this rainy Seattle morning for @ciara and @DangeRussWilson. These guys are as fun as they are talented. Inspiring too. And Russ and I ate our weight in pancakes! #funfriends https://t.co/MWST7oXbVs,2018-04-14 23:36:20,985300754134007809,JeffBezos,,,581,5939,en,Twitter Web Client,,,False
92,Horrible and truly tragic day for YouTube and Google. We are wishing all our very best for the injured and all those affected.,2018-04-03 23:24:58,981311629022314496,JeffBezos,,,2151,16834,en,Twitter Web Client,,,False
93,Taking my new dog for a walk at the #MARS2018 conference. #BostonDynamics https://t.co/vE6CXrvV3o,2018-03-19 21:31:06,975847153468768256,JeffBezos,,,7134,28699,en,Twitter Web Client,,,False
94,Thank you to the @NatReconOfc for having me over to speak. You don’t want to even imagine the world without these professionals doing the job they do. https://t.co/f3cHWbKwjq,2018-03-15 17:59:44,974344409377460224,JeffBezos,,,164,1068,en,Twitter Web Client,,,True
95,"New test video of Blue’s 550K lbf thrust, ox-rich staged combustion, LNG-fueled BE-4 engine. The test is a mixture ratio sweep at 65% power level and 114 seconds in duration. Methane (or LNG) has proved to be an outstanding fuel choice. @BlueOrigin #GradatimFerociter https://t.co/zWV0jWXIvx",2018-03-13 23:07:08,973696994332983299,JeffBezos,,,1078,4935,en,Twitter Web Client,,,False
96,Kirk or Picard? Picard! #FinalFrontier #GoBoldly https://t.co/mEohTVuKIs,2018-03-10 19:54:50,972561435036344320,JeffBezos,,,902,8936,en,Twitter Web Client,,,False
97,Happy to announce that Amazon Studios is adapting Iain M. Banks’ amazing Culture series — a huge personal favorite — as a TV series. Can’t wait! https://t.co/wgEmv65Pm3 https://t.co/NhCGUyRt2L,2018-02-21 14:05:27,966312919079112705,JeffBezos,,,1412,5226,en,Twitter Web Client,,,False
98,"Installation has begun—500 ft tall, all mechanical, powered by day/night thermal cycles, synchronized at solar noon, a symbol for long-term thinking—the #10000YearClock is coming together thx to the genius of Danny Hillis, Zander Rose &amp; the whole Clock team! Enjoy the video. https://t.co/FYIyaUIbdJ",2018-02-20 14:31:15,965957024109379602,JeffBezos,,,3718,10740,en,Twitter Web Client,,,False
99,@elonmusk @SpaceX @blueorigin Woohoo! 🚀🚀🚀,2018-02-07 00:26:52,961033484536971264,JeffBezos,,,418,4595,en,Twitter Web Client,960550111632875525,44196397,False
100,"Best of luck @SpaceX with the Falcon Heavy launch tomorrow – hoping for a beautiful, nominal flight! @BlueOrigin #GradatimFerociter",2018-02-05 14:30:47,960521086298238976,JeffBezos,,,2611,25102,en,Twitter Web Client,,,False
101,The stunning Perito Moreno Glacier in Patagonia. We’ve sent robotic probes to every planet in this solar system. Earth is BY FAR the best one. We go to space to save the Earth. @BlueOrigin #NoPlanB #GradatimFerociter https://t.co/8esV18orcJ,2018-02-03 14:30:19,959796196247142400,JeffBezos,,,3021,15041,en,Twitter Web Client,,,False
102,"Wishing best of luck tonight to THE MARVELOUS MRS MAISEL, Rachel Brosnahan, Kevin Bacon, and to the whole cast and crew of THE POST too! #GoldenGlobes https://t.co/UIJriZzmN6",2018-01-08 00:04:33,950156231414394881,JeffBezos,,,302,2836,en,Twitter Web Client,,,False
103,Turns out our Amazon fulfillment center associates in Madrid can dance… And one got a big surprise at the end! Love it! https://t.co/7MufxruSXe,2017-12-27 20:03:11,946109222135128064,JeffBezos,,,768,3730,en,Twitter Web Client,,,False
104,First use of our landing pad bot #Blue2D2. @blueorigin https://t.co/Ht2P7yVwEs,2017-12-15 00:36:48,941467037905272833,JeffBezos,,,645,2926,en,Twitter for iPhone,,,False
105,"Full video of Mannequin Skywalker’s ride to space. Unlike him, you’ll be able to get out of your seat during the zero gee part of the flight. And ignore the pinging sound – it’s just from one of the experiments on this flight. #NewShepard @blueorigin https://t.co/dJ5VEeaWb6 https://t.co/qGQC1vfW7D",2017-12-15 00:31:02,941465587049406464,JeffBezos,,,741,2411,en,Twitter Web Client,,,False
106,#NewShepard had a successful first flight of Crew Capsule 2.0 today. Complete with windows and our instrumented test dummy. He had a great ride. @BlueOrigin https://t.co/PZHXWXjuw9,2017-12-13 03:58:22,940792988095139841,JeffBezos,,,1898,6105,en,Twitter for iPhone,,,False
107,"Of all the news coming out of AWS #reInvent this week, I hope you didn’t miss this one. Set a Guinness World Record for largest chicken wing eating competition! Nice! https://t.co/uSfmLOKTU0",2017-11-30 22:25:58,936360685788733440,JeffBezos,,,614,2482,en,Twitter Web Client,,,False
108,"Ten years ago today, we launched the first-ever Kindle. Happy 10th birthday @AmazonKindle and thank you to all the Kindle readers and authors! https://t.co/qelfniBSK1",2017-11-19 15:31:12,932270037657726976,JeffBezos,,,2024,9602,en,Twitter Web Client,,,False
109,Amazon Prime heads to Middle Earth. https://t.co/QowUmf8t3S https://t.co/YVciEX3u2t,2017-11-13 18:06:30,930134795304148992,JeffBezos,,,3434,8679,en,Twitter Web Client,,,False
110,"Thank you and your boys for your service, Casey! https://t.co/1OhL3D4ijJ",2017-11-11 00:10:34,929139251152699392,JeffBezos,,,113,1037,en,Twitter Web Client,,,True
111,"Thank you to the 17,500 veterans and military spouses now working at Amazon. We set a goal last year to hire 25,000 of these leaders by 2021, and are on track to hire even more. #VeteransDay https://t.co/1tIiSZrRtQ",2017-11-09 14:00:07,928623239110082560,JeffBezos,,,1025,5673,en,Twitter Web Client,,,False
112,Congrats to the @BestBuy team on their new Alexa skill. Customers can now find and shop Best Buy deals on Alexa. Nice! https://t.co/wWuvIkvgD1,2017-11-03 18:01:50,926509741932720128,JeffBezos,,,402,1801,en,Twitter Web Client,,,False
113,And the winner for best news website is … @WashingtonPost. And more. Big congrats to the whole team! #DMNA17 https://t.co/BtridtXjeM,2017-10-20 18:15:06,921439650287423489,JeffBezos,,,519,2915,en,Twitter Web Client,,,False
114,First hotfire of our BE-4 engine is a success. Huge kudos to the whole @BlueOrigin team for this important step! #GradatimFerociter https://t.co/0gk6k6WuPx,2017-10-19 20:42:31,921114359119560704,JeffBezos,,,750,3029,en,Twitter Web Client,,,False
115,Fun day christening Amazon’s latest wind farm. #RenewableEnergy https://t.co/cTxeXdsFop,2017-10-19 13:06:21,920999561564274688,JeffBezos,,,4674,17389,en,Twitter Web Client,,,False
116,"Long my favorite novel. Teaches pain of regret so well you will think you lived it. Congrats, Mr. Ishiguro, so earned! #NobelPrize https://t.co/VBOyLYlIIi",2017-10-05 16:22:25,915975473573720065,JeffBezos,,,650,3294,en,Twitter Web Client,,,False
117,Amazon plane packed with donation of critical supplies landed earlier today in San Juan. Thank you to all the Amazonians who made it happen. https://t.co/w3ksl0SP25,2017-10-03 02:49:27,915046109298520064,JeffBezos,,,3638,16613,en,Twitter Web Client,,,False
118,Thoughts with all those affected in Las Vegas. So much gratitude to all the police &amp; good Samaritans who put their lives on the line to help,2017-10-02 20:35:28,914951991431880704,JeffBezos,,,418,2911,en,Twitter Web Client,,,False
119,"Future engineer, 9-year-old Ryan, signs Amazon gold robot he helped build at another ""30 Days, 30 Smiles"" event #BeatPediatricCancer #GoGold https://t.co/EEpa50nNCI",2017-09-22 19:01:17,911304409803522048,JeffBezos,,,579,3140,en,Twitter Web Client,,,False
120,".@Amazon supporting “30 Days, 30 Smiles” with @Accorg. Today, a surprise visit to @BlueOrigin. #BeatPediatricCancer https://t.co/RErtOuuJDm",2017-09-14 00:25:56,908124621391618050,JeffBezos,,,458,2442,en,Twitter Web Client,,,False
121,Alexa has made a new friend https://t.co/r7o46eVJq0,2017-08-30 14:19:25,902898556456943616,JeffBezos,,,1867,4169,en,Twitter Web Client,,,False
122,https://t.co/LvRG16ZhbF,2017-08-27 17:52:50,901865101761884161,JeffBezos,,,254,2038,und,Twitter Web Client,875418348598603776,15506669,False
123,A pleasure to host #SecDef James Mattis at Amazon HQ in Seattle today https://t.co/JnQZoSOnFN,2017-08-10 18:31:22,895714205822730241,JeffBezos,,,1238,5454,en,Twitter Web Client,,,False
124,Couldn’t happen to a nicer guy. Congratulations @jeffreytambor! https://t.co/543RCTusqX,2017-08-09 16:42:36,895324443500609536,JeffBezos,,,233,2195,en,Twitter Web Client,,,False
125,Awesome! Good luck this weekend @JimmyShane1! https://t.co/EFor5kuYLn,2017-08-05 00:24:02,893628626725294080,JeffBezos,,,85,616,en,Twitter Web Client,,,True
126,Incredible turnout to see the first booster ever to fly into space and land vertically upon the Earth. #BlueOrigin #Oshkosh https://t.co/fh9KqVBCUo,2017-08-02 15:49:02,892774250272112641,JeffBezos,,,784,3566,en,Twitter Web Client,,,False
127,Mike Collins cracking us all up last night. https://t.co/bnpHp0ZCK4,2017-07-17 02:48:38,886779647660179457,JeffBezos,,,160,1284,en,Twitter Web Client,,,False
128,"Huge thanks from the whole @BlueOrigin team, Buzz https://t.co/LRKyd5ncil",2017-07-17 02:47:22,886779328096116736,JeffBezos,,,274,1786,en,Twitter Web Client,,,True
129,Going to Oshkosh? Come sit inside @BlueOrigin’s crew capsule and enjoy a simulated ride to space @EAA #OSH17 https://t.co/E6uejQLDgG https://t.co/EjUuY5bdw7,2017-07-10 18:13:23,884475655148011520,JeffBezos,,,530,2081,en,Twitter Web Client,,,False
130,This is a gigantic compliment to our teams. Best of luck Haggler in your continuing adventures. #CustomerObsession https://t.co/LyGg3aD5QM,2017-07-06 02:22:41,882786853404893184,JeffBezos,,,234,1055,en,Twitter Web Client,,,False
131,"Terrific meeting with @narendramodi. Always impressed, energized by optimism and invention in India. Excited to keep investing and growing. https://t.co/xhQ58dik3y",2017-06-25 18:39:56,879046517285310464,JeffBezos,,,3512,8235,en,Twitter Web Client,,,True
132,Amazing to share this moment with the @BlueOrigin team and my family. https://t.co/1fgM9jExs9,2017-06-19 14:20:47,876806972619673600,JeffBezos,,,174,1133,en,Twitter Web Client,,,True
133,"And here’s me and my dad. I’m a very lucky son. I love you, Dad. #FathersDay https://t.co/mEBsN88DLG",2017-06-18 22:32:55,876568434397429760,JeffBezos,,,160,3032,en,Twitter Web Client,,,False
134,"Flipping pancakes, Lego Saturn V, Wonder Woman matinee. Love being a dad. #FathersDay https://t.co/L9Q7zW1p0A",2017-06-18 22:29:10,876567491941498880,JeffBezos,,,202,2743,en,Twitter Web Client,,,False
135,Request for ideas… https://t.co/j6D68mhseL,2017-06-15 18:22:53,875418348598603776,JeffBezos,,,9512,21698,en,Twitter Web Client,,,False
136,Rooftop #solar panels at our 1 million-square-foot fulfillment center in Baltimore now live. 50+ solar FCs will come online by 2020. https://t.co/eUpoxZ0eTt,2017-06-14 15:29:24,875012301836832768,JeffBezos,,,740,2970,en,Twitter Web Client,,,False
137,"Congrats to Jeff on his long-term leadership. John, you have size 20 shoes to fill! GE remains an American gem. https://t.co/oFF4yp9J4e",2017-06-12 18:46:04,874337020117569536,JeffBezos,,,204,925,en,Twitter Web Client,,,False
138,Super fun morning talking rockets with a very cool group of students. Great questions. Thx to all the students and to @museumofflight! https://t.co/adXbn3bdon,2017-05-20 18:56:29,866004720984272896,JeffBezos,,,166,1000,en,Twitter Web Client,,,True
139,"I won the lottery with my mom. Thanks for literally everything, Mom. https://t.co/gEuVgxotdw",2017-05-14 21:25:08,863867801181855744,JeffBezos,,,433,5009,en,Twitter Web Client,,,False
140,"First plant in the ground at #TheSpheres, 39,999 to go. Public tours start 2018. https://t.co/6Jgo4cLb7o",2017-05-05 00:06:10,860284449195343873,JeffBezos,,,583,2139,en,Twitter Web Client,,,False
141,Thanks @TheRealBuzz! That cute little guy is the future! https://t.co/nx75sAUYW8,2017-04-01 23:31:09,848316838446456833,JeffBezos,,,118,817,en,Twitter Web App,,,True
142,My parents rock. https://t.co/uPAJ1SaR4p,2017-03-30 18:59:52,847523788921032704,JeffBezos,,,370,2206,en,Twitter Web Client,,,False
143,Impossible to express how personally meaningful this is. A dream. Huge kudos to @BlueOrigin team that worked so hard https://t.co/q2P0Lsi81U https://t.co/D56XNkIiBP,2017-03-29 22:41:58,847217297257185281,JeffBezos,,,332,1346,en,Twitter Web Client,,,True
144,I just got to pilot an awesome (and huge) robot thanks to Hankook Mirae Technology. Nice! #MARS2017 https://t.co/MvN6ghEYFi,2017-03-20 05:16:46,843692770405617664,JeffBezos,,,2204,5384,en,Twitter Web Client,,,False
145,"Thanks LA Times for choosing WaPo's Arc Publishing for your digital platform, and kudos to tech team at The Post! https://t.co/zhHgVZvXh1",2017-03-13 17:37:23,841342440405577733,JeffBezos,,,136,486,en,Twitter Web Client,,,False
146,OK. Definitely want to buy a bottle of this… https://t.co/saLQyiaV2c,2017-03-10 15:32:55,840223951842295809,JeffBezos,,,241,1241,en,Twitter Web Client,,,True
147,Adding to the #NewGlenn launch manifest. Agreement with #OneWeb for five launches initially. Happy to work with you @Greg_Wyler https://t.co/4m5LiTzl9R,2017-03-08 13:30:34,839468386530824193,JeffBezos,,,255,903,en,Twitter Web Client,,,False
148,Excited to announce we have signed our 1st #NewGlenn customer. Welcome to the launch manifest @Eutelsat_SA https://t.co/fTeKKneYnJ,2017-03-07 13:56:59,839112645957541890,JeffBezos,,,309,1091,en,Twitter Web Client,,,False
149,Here’s one more shot of BE-4 in its transport cradle. https://t.co/T2HdZ3UtQZ,2017-03-06 13:51:53,838748973598900225,JeffBezos,,,613,1972,en,Twitter Web Client,,,False
150,1st BE-4 engine fully assembled. 2nd and 3rd following close behind. #GradatimFerociter https://t.co/duE4Tnzvkx,2017-03-06 13:48:34,838748139964272640,JeffBezos,,,578,1639,en,Twitter Web Client,,,False
151,"RT @amazonnews: Kudos Palm Coast STEM--new record for tallest self-supporting toy tower. 5k pieces, 14’1” tall using exclusive toy from Ama…",2017-03-04 22:33:10,838155386100183040,JeffBezos,,,50,0,en,Twitter Web Client,,,False
152,RT @amazonnews: Very cool. 7-year-old boy starts own food pantry to help hungry kids https://t.co/vrjyByOAyX,2017-03-01 16:04:48,836970483992117249,JeffBezos,,,161,0,en,Twitter Web Client,,,False
153,Congrats to Casey Affleck on his Best Actor win. So earned. #ManchesterByTheSea #Oscars @AmazonStudios @MBTSMovie,2017-02-27 04:54:52,836077114667446272,JeffBezos,,,249,1103,en,Twitter Web Client,,,False
154,Bravo to Kenny Lonergan on his well-deserved #Oscars win for Best Original Screenplay @AmazonStudios @MBTSMovie,2017-02-27 04:34:38,836072024577560584,JeffBezos,,,139,673,en,Twitter Web Client,,,False
155,#TheSalesman takes home the Oscar for Best Foreign Language Film. Well done Asghar Farhadi and team @AmazonStudios #Oscars,2017-02-27 03:04:11,836049259430555648,JeffBezos,,,593,2014,en,Twitter Web Client,,,False
156,Excited to share our urban campus with this terrific organization @FareStart https://t.co/SNJkMK6hz5,2017-02-19 00:39:58,833113864669519872,JeffBezos,,,197,825,en,Twitter Web Client,,,True
157,"Love this story https://t.co/PwXQSZ9Xaw of not 1, but 4 couples, who met @ Amazon FC in KY. Love is in the air… Happy Valentine's day! https://t.co/rn3ctg98Qu",2017-02-14 19:29:00,831586053915963393,JeffBezos,,,107,702,en,Twitter Web Client,,,False
158,"And on the NYPost article, if anybody knows how to get 20% margins in groceries, call me! :)",2017-02-07 22:45:25,829098772416192512,JeffBezos,,,435,1826,en,Twitter Web Client,,,False
159,".@nypost, whoever your anonymous sources are on this story https://t.co/VFyzGQcOAZ – they’ve mixed up their meds!",2017-02-07 19:50:34,829054770308485120,JeffBezos,,,443,1031,en,Twitter Web Client,,,False
160,Buzz Aldrin dropped by Blue Origin HQ to say hi to the team yesterday. Thanks @TheRealBuzz! https://t.co/JiCdI77ij6,2017-02-02 17:55:56,827213980384964608,JeffBezos,,,413,1899,en,Twitter Web Client,,,False
161,"RT @RoyPrice: Asghar Farhadi, @AmazonStudios understands and supports your decision not to attend the Oscars.",2017-01-31 01:05:50,826235003260383232,JeffBezos,,,128,0,en,Twitter Web Client,,,False
162,I agree we need a superhighway in space. https://t.co/iEVk7nP3aA,2017-01-05 19:21:47,817088724840239105,JeffBezos,,,417,1027,en,Twitter Web Client,,,False
163,First-ever #AmazonPrimeAir customer delivery is in the books. 13 min—click to delivery. Check out the video: https://t.co/Xl8HiQMA1S https://t.co/5HGsmHvPlE,2016-12-14 13:58:33,809034847121350657,JeffBezos,,,6139,7357,en,Twitter Web Client,,,False
164,The Spheres’ first snow… thanks @mAColors for the great pic https://t.co/WnOtTAixjU,2016-12-09 23:32:13,807367277104377856,JeffBezos,,,407,1347,en,Twitter Web Client,,,False
165,"Thank you, John Glenn. Godspeed.",2016-12-08 21:38:03,806976159166570496,JeffBezos,,,396,1613,en,Twitter Web Client,,,False
166,Late Late Show’s @JKCorden on Amazon Go – very funny! https://t.co/OOw3eV2l1x,2016-12-08 06:01:42,806740517711003648,JeffBezos,,,190,648,en,Twitter Web Client,,,False
167,"So proud of my brother https://t.co/qIRKtbamXs, and here’s his TED talk https://t.co/tYCodFJXoe.",2016-12-01 20:55:10,804428649302634496,JeffBezos,,,171,690,en,Twitter Web Client,,,False
168,Love this TV commercial for Amazon Prime. Very proud of our ad team. https://t.co/E8ceXs4nte,2016-11-17 19:30:24,799333890045317121,JeffBezos,,,1763,3008,en,Twitter Web Client,,,False
169,"Long wait is over… Clarkson, Hammond, May are back… #TheGrandTour premieres tonight in UK, US, DE, JP. And globally in Dec. https://t.co/dfQjGGuDFW",2016-11-17 16:57:12,799295335755436032,JeffBezos,,,3000,7757,en,Twitter Web Client,,,False
170,Congratulations to @realDonaldTrump. I for one give him my most open mind and wish him great success in his service to the country.,2016-11-10 15:01:29,796729498075099136,JeffBezos,,,1884,5137,en,Twitter Web Client,,,False
171,https://t.co/U6VjlywrI3,2016-10-30 15:32:28,792751030647689216,JeffBezos,,,153,663,und,Twitter Web Client,,,False
172,Visiting Raisbeck Aviation High School today was so inspiring for me. Awesome students. https://t.co/zUGMXoNqLT,2016-10-21 23:45:06,789613513102663680,JeffBezos,,,81,412,en,Twitter Web Client,,,True
173,Stenciling the 7th and final tortoise onto this hardy and stalwart New Shepard capsule. #GradatimFerociter https://t.co/ciB6rbNPqP,2016-10-10 20:09:28,785572979140808704,JeffBezos,,,201,866,en,Twitter Web Client,,,False
174,"Steering through violent MaxQ escape forces is a residual capability, not explicitly engineered. Just a very robust booster. #InFlightEscape",2016-10-06 17:11:10,784078556984844288,JeffBezos,,,102,484,en,Twitter Web Client,,,False
175,Here’s escape vid in slow mo. #InFlightEscape https://t.co/MrKRiHZu8Y,2016-10-06 17:09:35,784078159733854208,JeffBezos,,,201,462,en,Twitter Web Client,,,False
176,"Reflecting on an incredible day. Toasting all 800 of the passionate, brilliant folks at Blue Origin. #InFlightEscape #GradatimFerociter https://t.co/KHJMYHvPud",2016-10-06 03:11:26,783867231620870144,JeffBezos,,,234,1362,en,Twitter Web Client,,,False
177,RT @blueorigin: Moment of separation. #InFlightEscape #GradatimFerociter https://t.co/mZrtmTm1i4,2016-10-05 19:53:03,783756911866843136,JeffBezos,,,320,0,en,Twitter Web Client,,,False
178,That is one hell of a booster. #InFlightEscape #GradatimFerociter https://t.co/7ZRRe2HnMO,2016-10-05 18:19:57,783733480324816896,JeffBezos,,,2523,4573,en,Vine - Make a Scene,,,False
179,RT @blueorigin: Everything looking good this morning for #InFlightEscape. Live webcast at 10:45 am ET #GradatimFerociter,2016-10-05 12:55:22,783651796627562496,JeffBezos,,,169,0,en,Twitter Web Client,,,False
180,RT @blueorigin: Weather no-go for tomorrow’s New Shepard #InFlightEscape test. Webcast now Wednesday 10:45 am ET. #GradatimFerociter,2016-10-03 19:21:30,783024195055685633,JeffBezos,,,166,0,en,Twitter Web Client,,,False
181,And here are the details of the escape test https://t.co/LDnJMjhtQ3 #GradatimFerociter,2016-09-29 13:54:09,781492263817998337,JeffBezos,,,116,323,en,Twitter Web Client,,,False
182,"RT @blueorigin: Dramatic New Shepard #InFlightEscape test Tuesday, Oct 4. Live webcast starts at 10:50 am ET at https://t.co/WAB1OxL9Dd #Gr…",2016-09-29 13:52:49,781491928021991424,JeffBezos,,,208,0,en,Twitter Web Client,,,False
183,And here’s the #NewGlenn descent configuration. #GradatimFerociter https://t.co/nYSgZ4TzKA,2016-09-26 10:10:29,780348813450051585,JeffBezos,,,326,792,en,Twitter Web Client,,,False
184,Exciting results from 3 weeks of wind tunnel testing of #NewGlenn at transonic &amp; supersonic speeds. Validated our CFD. https://t.co/VJaNG8tjZK,2016-09-26 10:09:03,780348452064595968,JeffBezos,,,366,991,en,Twitter Web Client,,,False
185,.Thanks @TheRealBuzz &amp; @HeinleinPrize – what a fun night! https://t.co/l73vz2W2Oc,2016-09-15 23:16:18,776560302062120963,JeffBezos,,,58,312,en,Twitter Web Client,,,True
186,Blue Origin’s next step…meet New Glenn #NewGlenn #GradatimFerociter https://t.co/p4gICKZRfi,2016-09-12 13:24:10,775324124935778304,JeffBezos,,,1381,2415,en,Twitter Web Client,,,False
187,.@matteorenzi excited to announce Amazon artificial intelligence &amp; machine learning center in Turin https://t.co/jxa7VxWZHF,2016-07-22 14:14:31,756492625549537282,JeffBezos,,,733,1214,en,Twitter Web Client,,,False
188,Grazie @matteorenzi for wonderful conversation at Palazzo Vecchio. https://t.co/JGewdL8LAc,2016-07-22 14:05:13,756490285698260992,JeffBezos,,,231,584,it,Twitter Web Client,,,False
189,Cool new project from @smithsonian &amp; @autodesk lets you virtually explore Apollo 11 Command Module. https://t.co/9fjWKWsguH,2016-07-21 15:11:39,756144617049853952,JeffBezos,,,194,432,en,Twitter Web Client,,,False
190,"Bucket list. Cast, crew and Justin Lin @trailingjohnson were amazing. #StarTrekBeyond https://t.co/VJ95D8pQeK",2016-07-20 16:14:42,755798093216387072,JeffBezos,,,398,1094,en,Twitter Web Client,,,False
191,.@trailingjohnson Amazing experience. Thank you! https://t.co/Aj3J88eqrw,2016-07-20 16:00:06,755794420214050816,JeffBezos,,,54,230,en,Twitter Web Client,,,True
192,Careful engineering plus of course … the lucky boots. Successful mission. #RocketsReused #GradatimFerociter https://t.co/ON5lhfGPSK,2016-06-19 15:35:11,744554127728869376,JeffBezos,,,206,842,en,Twitter Web Client,,,False
193,Loading propellants. Looking good for this morning’s launch. #GradatimFerociter,2016-06-19 13:24:38,744521272873279488,JeffBezos,,,115,341,en,Twitter Web Client,,,False
194,Thanks @VirginGalactic! So agree space needs all of us. #GradatimFerociter https://t.co/nlJsbWSv20,2016-06-19 00:23:58,744324811191525377,JeffBezos,,,151,526,en,Twitter Web Client,,,True
195,And of course – development test flight – anything can happen. #GradatimFerociter,2016-06-17 13:58:37,743805050254819328,JeffBezos,,,49,188,en,Twitter Web Client,,,False
196,Look for one-chute-out test starting about 7 minutes into flight + continue pushing envelope on booster. #GradatimFerociter,2016-06-17 13:55:47,743804334396170240,JeffBezos,,,76,210,en,Twitter Web Client,,,False
197,Watching a rocket launch (and rocket landing!) might add a little extra fun w/ kids on Father's Day. #GradatimFerociter,2016-06-17 13:52:42,743803559150391298,JeffBezos,,,86,280,en,Twitter Web Client,,,False
198,New Shepard launch set for Sunday at 10:15 am ET. Live webcast starts at 9:45 am ET at https://t.co/WTXblOKlvk #GradatimFerociter,2016-06-17 13:49:25,743802731924594688,JeffBezos,,,327,420,en,Twitter Web Client,,,False
199,Replacing leaking O-ring in capsule’s nitrogen gas pressurization system. Rescheduling flight to Sunday. #GradatimFerociter,2016-06-16 13:50:50,743440703657648128,JeffBezos,,,127,317,en,Twitter Web Client,,,False
200,Flight to test one-chute-out failure scenario &amp; push envelope on booster maneuvers #GradatimFerociter https://t.co/oWIGMqMCoa,2016-06-13 13:36:03,742349816701673473,JeffBezos,,,147,448,en,Twitter Web Client,,,False
201,Trying for 4th flight of same hardware this Friday. Live webcast at https://t.co/XlqW03DcEB #GradatimFerociter https://t.co/AKyv3newmN,2016-06-13 13:29:40,742348210266509312,JeffBezos,,,380,768,en,Twitter Web Client,,,False
202,RT @garciajm3D: Interested in the #CareerChoice program @JeffBezos mentioned at @recode #CodeCon? DM me or find out more here: https://t.co…,2016-06-01 03:34:18,737849729438998528,JeffBezos,,,62,0,en,Twitter Web Client,,,False
203,Landing sequence caught by our GH2 vent cam. Watch for gear deployment in the shadow. #GradatimFerociter https://t.co/QHvSdjJ2Se,2016-05-09 21:58:57,729792802108919808,JeffBezos,,,270,554,en,Twitter Web Client,,,False
204,Thank you @FLOTUS for all you do with @JoiningForces. We're excited to add 25K more @Amazon Warriors to our ranks. https://t.co/ZSZ2DInOhZ,2016-05-05 20:00:42,728313490641985536,JeffBezos,,,123,352,en,Twitter Web Client,,,False
205,Ridiculously cute. #Alexa https://t.co/OG7g2cgIXS,2016-04-29 22:08:30,726171327103561728,JeffBezos,,,64,307,en,Twitter Web Client,,,True
206,Champagne cracked in the newsroom today. Congratulations to all @washingtonpost on Pulitzers!,2016-04-19 02:19:37,722248253996019712,JeffBezos,,,103,400,en,Twitter Web Client,,,False
207,You counseled so many. Your wisdom and warmth will be remembered. Rest in peace Bill Campbell.,2016-04-18 22:44:53,722194216420397056,JeffBezos,,,122,421,en,Twitter Web Client,,,False
208,Thank you and congrats to my friends and colleagues Jeff and Andy – very well deserved! https://t.co/hGLGMDluKu,2016-04-07 23:12:06,718214798345777152,JeffBezos,,,197,498,en,Twitter Web Client,,,False
209,"Heads up readers – all-new, top of the line Kindle almost ready. 8th generation. Details next week.",2016-04-04 16:59:10,717033781589204992,JeffBezos,,,1117,1577,en,Twitter Web Client,,,False
210,Video from yesterday's flight now live: https://t.co/vBvPYpGFrQ Great view of dramatic booster deceleration.,2016-04-03 21:57:17,716746420275978240,JeffBezos,,,695,964,en,Twitter Web Client,,,False
211,We’ll share mission video including aerial as soon as we’re able to get it processed.#GradatimFerociter @BlueOrigin,2016-04-02 15:47:35,716290993159405568,JeffBezos,,,123,365,en,Twitter Web Client,,,False
212,My Gradatim Ferociter boots. Gift from a friend &amp; they brought luck today. #LaunchLandRepeat @BlueOrigin https://t.co/3szqLGMI7s,2016-04-02 15:36:43,716288257722482689,JeffBezos,,,65,327,en,Twitter Web Client,,,False
213,CC touchdown confirmed. #LaunchLandRepeat @BlueOrigin,2016-04-02 15:28:26,716286175233777664,JeffBezos,,,223,497,en,Twitter Web Client,,,False
214,"Flawless BE-3 restart and perfect booster landing. CC chutes
deployed. @BlueOrigin",2016-04-02 15:26:47,716285758382809088,JeffBezos,,,296,557,en,Twitter Web Client,,,False
215,Liftoff and New Shepard is climbing to apogee. @BlueOrigin,2016-04-02 15:18:39,716283711998676992,JeffBezos,,,107,260,en,Twitter Web Client,,,False
216,Crew Capsule is locked &amp; ready for flt. Tortoises mark successful CC missions. #LaunchLandRepeat @BlueOrigin https://t.co/akPaP9EFIu,2016-04-02 14:36:31,716273109720911876,JeffBezos,,,142,363,en,Twitter Web Client,,,False
217,"Readying Crew Capsule for flt. Clear skies in TX.
Tracking for morning launch. #LaunchLandRepeat @BlueOrigin https://t.co/X22DBlf9ZE",2016-04-02 14:28:50,716271176905940992,JeffBezos,,,134,360,en,Twitter Web Client,,,False
218,Two university microgravity experiments on tomorrow’s @blueorigin flight. Short vids: https://t.co/lHW6lsqCAY  https://t.co/VAYuFJRk7H,2016-04-01 22:28:37,716029528619913216,JeffBezos,,,97,213,en,Twitter Web Client,,,False
219,We’ll have drone cameras in the air and hopefully will get good aerial footage to share. #LaunchLandRepeat @BlueOrigin,2016-04-01 19:35:53,715986058257833988,JeffBezos,,,94,261,en,Twitter Web Client,,,False
220,"Also, a new more efficient RCS algorithm on the Crew Capsule. Big performance win if it works. #LaunchLandRepeat @BlueOrigin",2016-04-01 19:34:13,715985637946564608,JeffBezos,,,52,172,en,Twitter Web Client,,,False
221,"Pushing the envelope. Restarting BE-3 fast @ high thrust, just 3600 ft from ground. Impact in 6 sec if engine doesn’t restart &amp; ramp fast.",2016-04-01 19:32:40,715985250644582400,JeffBezos,,,71,217,en,Twitter Web Client,,,False
222,Working to fly again tomorrow. Same vehicle. Third time. #LaunchLandRepeat @BlueOrigin https://t.co/e1ZfYAibK2,2016-04-01 19:31:08,715984864323842049,JeffBezos,,,325,659,en,Twitter Web Client,,,False
223,Got a little help from Amazon Robotics on stage today at our All-Hands in Seattle   https://t.co/8Ies2thPmr,2016-04-01 00:21:12,715695474762600448,JeffBezos,,,325,775,en,Twitter Web Client,,,False
224,"OK, this is the most hilarious Echo video yet: https://t.co/H6QJ28UYec",2016-03-29 21:54:33,714933790628446208,JeffBezos,,,157,399,en,Twitter Web Client,,,False
225,James Hamilton’s retrospective on 10 years of AWS is excellent: https://t.co/NL8GFMjvdz Kudos and congrats to the whole team!,2016-03-15 02:37:02,709569062167183362,JeffBezos,,,244,475,en,Twitter Web Client,,,False
226,"Marty's piece today is so inspiring. Thank you, @PostBaron! #BadAssReporting https://t.co/pVkjdXm97y",2016-02-24 20:56:56,702598104755777536,JeffBezos,,,55,183,en,Twitter Web Client,,,True
227,"Hope, somewhere in space-time, Einstein is seeing this. https://t.co/6EMJgffrIs #LIGO",2016-02-11 18:33:21,697850927701594112,JeffBezos,,,359,674,en,Twitter Web Client,,,False
228,"Mr. Prime Minister @matteorenzi, we are so proud of Diego. Great for Italy. Kudos to all! https://t.co/Mk0jcTZ2gT",2016-02-10 21:00:09,697525483768934400,JeffBezos,,,717,771,en,Twitter Web Client,,,False
229,"Nice. Blue Origin team just nominated for time-honored aviation award, the Collier Trophy! All the nominees here: https://t.co/PvGu1PI9TW",2016-02-03 20:42:38,694984360173277184,JeffBezos,,,93,308,en,Twitter Web Client,,,False
230,Can a used rocket fly? Video + a few technical details at https://t.co/8JUKBLg8fi  https://t.co/JWpi3yGDWq,2016-01-23 03:03:17,690731500812169217,JeffBezos,,,756,1043,en,Twitter Web Client,,,False
231,Impressive launch and @SpaceX will soon make Falcon 9 landings routine – so good for space! Kudos SpaceX!,2016-01-17 20:08:41,688815223558410240,JeffBezos,,,554,1838,en,Twitter Web Client,,,False
232,"Believe me, if you’re ever tossed in a foreign prison, you want Fred Ryan and Marty Baron on the team working to get you out. #JasonIsFree",2016-01-17 14:39:33,688732394442997760,JeffBezos,,,301,698,en,Twitter Web Client,,,False
233,"Wheels up and out of Iranian airspace! Jason, Yegi, and Mary aboard. Doug Jehl and Ali Rezaian worked tirelessly on this. #JasonIsFree",2016-01-17 14:39:02,688732263995973632,JeffBezos,,,295,643,en,Twitter Web Client,,,False
234,Is Yegi on the plane? #JasonIsFree,2016-01-16 17:48:20,688417513340678144,JeffBezos,,,48,189,et,Twitter Web Client,,,False
235,"Grail: Risky, but if works, big breakthrough in broad spectrum EARLY cancer detection. Brilliant scientists. https://t.co/CmGslKGLOV",2016-01-12 19:22:10,686991579546923008,JeffBezos,,,165,334,en,Twitter Web Client,,,False
236,Congrats @SpaceX on landing Falcon's suborbital booster stage.  Welcome to the club!,2015-12-22 01:49:58,679116636310360067,JeffBezos,,,1347,2483,en,Twitter Web Client,,,False
237,Finally trashed by @realDonaldTrump. Will still reserve him a seat on the Blue Origin rocket. #sendDonaldtospace https://t.co/9OypFoxZk3,2015-12-07 23:30:53,674008204838199297,JeffBezos,,,7867,9940,en,Twitter Web Client,,,False
238,What 400 very happy rocket scientists look like. https://t.co/FwrZHuB8RD,2015-12-03 16:31:29,672453111395422208,JeffBezos,,,512,894,en,Twitter Web Client,,,False
239,"Breakthrough Energy Coalition. When in a box, only way out is to invent your way out. Thx to @BillGates for pulling this together.",2015-11-30 22:52:26,671461815210139648,JeffBezos,,,238,589,en,Twitter Web Client,,,False
240,"The rarest of beasts - a used rocket. Controlled landing not easy, but done right, can look easy. Check out video: https://t.co/9OypFoxZk3",2015-11-24 11:14:26,669111829205938177,JeffBezos,,,6042,5777,en,Twitter Web Client,,,False
